{"exact_match": 89.17691579943235, "f1": 94.82702001984502}